{
    "name": "datasource_samplebasic_oracle",
    "type": "DB",
    "connection": "connection_samplebasic_oracle",
    "columns": {
        "Column": [
        {
            "index": 1,
            "name": "TRANSDATE",
            "type": "TIMESTAMP",
            "system": false
        },
        {
            "index": 2,
            "name": "STATE",
            "type": "STRING",
            "system": false
        },
        {
            "index": 3,
            "name": "SKU",
            "type": "STRING",
            "system": false
        },
        {
            "index": 4,
            "name": "SUPPLIER",
            "type": "STRING",
            "system": false
        },
        {
            "index": 5,
            "name": "AMOUNT",
            "type": "DOUBLE",
            "system": false
        },
        {
            "index": 6,
            "name": "MONTH",
            "type": "STRING",
            "system": false
        }
        ]
    },
    "query": "SELECT TRANSDATE,\n       MARKET.STATE,\n       PRODUCT.SKU,\n       SUPPLIER.SUPPLIER_ALIAS || ' - ' || SUPPLIER.CITY || ', ' || SUPPLIER.STATE AS SUPPLIER,\n       SALES.AMOUNT,\n       YEARDIM.MONTH\nFROM SALES INNER JOIN\n     SUPPLIER ON SALES.SUPPLIERID = SUPPLIER.SUPPLIERID INNER JOIN\n     YEARDIM ON YEARDIM.MONTHNUM = extract(month from SALES.TRANSDATE) INNER JOIN\n     MARKET on MARKET.STATEID = SALES.STATEID INNER JOIN\n     PRODUCT ON PRODUCT.PRODUCTID = SALES.PRODUCTID\nWHERE SALES.SCENARIOID = (SELECT SCENARIOID FROM SCENARIO WHERE SCENARIO = 'Actual')\nAND SALES.MEASURESID = (SELECT MEASURESID FROM MEASURES WHERE CHILD = 'Sales')"
}
