{
    "name": "drillthrough_samplebasic",
    "type": "DATASOURCE",
    "dataSourceName": "datasource_samplebasic",
    "useTempTables": "false",
    "columns": ["TRANSDATE", "STATE", "SKU", "SUPPLIER", "AMOUNT", "MONTH"],
    "columnMapping": {
        "STATE": {
            "dimension": "Market",
            "level": "Level0",
            "type": "LEVEL0"
        },
        "SKU": {
            "dimension": "Product",
            "level": "Level0",
            "type": "LEVEL0"
        },
        "MONTH": {
            "dimension": "Year",
            "level": "Level0",
            "type": "LEVEL0"
        }
    },
    "parameterMapping": {}, "drillableRegions": ["Actual"],
    "url": ""
}